# 数据库学习笔记

本文是数据库系统概念一书的学习笔记，笔记中使用的实例数据库是书中的[数据库系统概念sample [DDL-MySQL.sql](C:\Users\汪杰\Desktop\数据库学习\DDL-MySQL.sql) ](https://www.db-book.com/db6/lab-dir/sample_tables-dir/index.html)

 [DDL-MySQL+drop.sql](C:\Users\汪杰\Desktop\数据库学习\DDL-MySQL+drop.sql) 

 [largeRelationsInsertFile.sql](C:\Users\汪杰\Desktop\数据库学习\largeRelationsInsertFile.sql) 

 [smallRelationsInsertFile.sql](C:\Users\汪杰\Desktop\数据库学习\smallRelationsInsertFile.sql) 

##  第一章  基本概念



## 第二章  关系模型

### 2.1  关系数据库的结构

- 关系数据库=表的集合

- 表=元组的集合

- **表可以由关系来理解**

  *关系为一个抽象的概念提供了某种具象化描述，规定满足某些条件的集合为···关系*

  *而表也是用一系列属性来表示某一个概念*

- 元组=行

- 属性=列

  - 域(domain)=属性规定允许的取值集合

    *域是原子的，即域中的元素不可再分*

### 2.2   数据库模式：

定义：数据库的逻辑设计

| 数据库概念  | 程序设计概念 |
| :---------: | :----------: |
|   ` 关系`   |   ` 变量`    |
| ` 关系模式` | ` 类型定义`  |
| ` 关系实例` | ` 变量的值`  |

在程序设计语言中：

- 一个变量可能有类型 地址 地址对应物理空间的值
- 类型定义了这个变量有哪些部分，值域，可以做的操作
- 变量的值在系统运行中是可变化的

在数据库中，一个表可能有表示的内容 存储地址 以及表示的内容

- 一个表(关系)可能有包含的内容(DDL) 对他可以做的操作(DML) 值(元组集合)
- 而关系模式——***表的逻辑设计***，定义了该关系有哪些属性 属性的域 可以做什么操作——
- 关系实例表某一瞬间的一个元组集合 

### 2.3  键(key)

- 超键

  能唯一区分一个元组的属性集合

- 候选键

  能唯一区分一个元组的*最小*属性集合

- 主键

  某一个候选键

  ***选择要求：主键必须选择极少变化的值***

- 外键

  A关系的某个属性是B关系的主键，该属性是A的**外键**

  则**A参照B**，意味着*A的信息需要参照B才能得以表达*

  A是**参照关系**，B是**被参照关系**

  ![image-20211202161914974](C:\Users\汪杰\Desktop\数据库学习\picture\image-20211202161914974.png)

  

### 2.4  关系查询语言

定义：用户用来从数据库中请求获取信息的语言

过程化语言：用户指导系统对数据库执行一系列操作以计算出所需结果

非过程化语言：只需要描述信息，不需给出过程

### 2. 5  关系运算

定义：施加于单个或一对关系上，得到的结果是单个关系

- 选择
- 投影
- 自然连接
- 笛卡尔乘积
- 并

## 第三章  SQL基本DML和DDL

### 3.1 database操作

```sql
show databases;  		
use database;					//修改当前使用的数据库
create database name;
drop database name;
```

### 3.2   数据定义(DDL)

SQL的DDL可以定义：

- 关系的模式
- 每个属性的取值类型
- 完整性约束
- 关系维护的索引集合
- 关系的安全性和权限信息
- 关系在磁盘上的物理结构

#### 3.2.1  基本类型

- int==integer
- numeric(p,d):定点数，p d为小数点前后的位数，
- smallint:小整数类型
- float(n)
- read,double precision:
- char(n):长度为n的字符串
- varchar(n):可变长度字符串，n为最大长度

#### 3.2.2 模式定义

1. 定义表：	

   ```sql
   create table 表名(
   属性名 域(类型) <not null>,
   ...
   属性名 域(类型) <not null>,
   <完整性约束>,...<完整性约束>);
   ```

2. 对表的模式进行操作

   ```sql
   show tables;				 //查看有哪些表
   delete table 表名;			//清空表，但不删除该关系
   drop table 表名;				//删除整个关系
   alter table 表名 add 属性名 域; //添加属性
   alter table 表名 drop 属性名;   //删除属性
   ```

3. 元组操作


   ```sql
   insert into 表名
   values(A1,A2...An);//输入满足属性域的量
   ```

### 3.3  SQL查询语句

#### 3.3.1 查询过程概述(关键字从上到下依次进行)

1. from 关系1,关系2,...关系n：对参数做简单的笛卡尔乘积，参数间有相同属性名，在得到的关系中则用`关系名.`来区分

2. from A join B using (属性名)：对参数中某属性值相同的做元组笛卡尔乘积，相同属性不重复显示

3. from A natural join B：对参数中***所有***相同属性值相同元组做笛卡尔乘积，相同属性不重复显示

4. where 谓词：对前述三个得到的每个***元组***作为谓词的输入

5. group by 属性名：将前述得到的元组用指定属性名分组

6. having +谓词：将***每个分组***作为谓词输入

7. select <属性名1,属性名2...属性名n>,<聚集函数1,聚集函数2...聚集函数n>：将获得的元组的指定属性输出

#### 3.3.2 连接子句

#####  (1)from

1. 作用：得到笛卡尔乘积

2. 使用形式：from 关系1,关系2,...关系n

3. 输入：n个关系

4. 输出：由上述n个关系做笛卡尔乘积得到的关系，若n个关系中有相同属性名，则在得到的关系用`关系名.`来区分

   可以使用以下的迭代过程理解from产生的结果

   ![image-20211203152059549](C:\Users\汪杰\Desktop\数据库学习\picture\image-20211203152059549.png)
   
   ````sql
   ```sql
   mysql> select *
       -> from teaches;
   +-------+-----------+--------+----------+------+
   | ID    | course_id | sec_id | semester | year |
   +-------+-----------+--------+----------+------+
   | 76766 | BIO-101   | 1      | Summer   | 2009 |
   | 76766 | BIO-301   | 1      | Summer   | 2010 |
   | 10101 | CS-101    | 1      | Fall     | 2009 |
   | 45565 | CS-101    | 1      | Spring   | 2010 |
   | 83821 | CS-190    | 1      | Spring   | 2009 |
   | 83821 | CS-190    | 2      | Spring   | 2009 |
   | 10101 | CS-315    | 1      | Spring   | 2010 |
   | 45565 | CS-319    | 1      | Spring   | 2010 |
   | 83821 | CS-319    | 2      | Spring   | 2010 |
   | 10101 | CS-347    | 1      | Fall     | 2009 |
   | 98345 | EE-181    | 1      | Spring   | 2009 |
   | 12121 | FIN-201   | 1      | Spring   | 2010 |
   | 32343 | HIS-351   | 1      | Spring   | 2010 |
   | 15151 | MU-199    | 1      | Spring   | 2010 |
   | 22222 | PHY-101   | 1      | Fall     | 2009 |
   +-------+-----------+--------+----------+------+
   15 rows in set (0.00 sec)
   
   mysql> select *
       -> from course;
   +-----------+----------------------------+------------+---------+
   | course_id | title                      | dept_name  | credits |
   +-----------+----------------------------+------------+---------+
   | BIO-101   | Intro. to Biology          | Biology    |       4 |
   | BIO-301   | Genetics                   | Biology    |       4 |
   | BIO-399   | Computational Biology      | Biology    |       3 |
   | CS-101    | Intro. to Computer Science | Comp. Sci. |       4 |
   | CS-190    | Game Design                | Comp. Sci. |       4 |
   | CS-315    | Robotics                   | Comp. Sci. |       3 |
   | CS-319    | Image Processing           | Comp. Sci. |       3 |
   | CS-347    | Database System Concepts   | Comp. Sci. |       3 |
   | EE-181    | Intro. to Digital Systems  | Elec. Eng. |       3 |
   | FIN-201   | Investment Banking         | Finance    |       3 |
   | HIS-351   | World History              | History    |       3 |
   | MU-199    | Music Video Production     | Music      |       3 |
   | PHY-101   | Physical Principles        | Physics    |       4 |
   +-----------+----------------------------+------------+---------+
   13 rows in set (0.00 sec)
   
   mysql> select *
       -> from teaches,course;
   +-------+-----------+--------+----------+------+-----------+----------------------------+------------+---------+
   | ID    | course_id | sec_id | semester | year | course_id | title                      | dept_name  | credits |
   +-------+-----------+--------+----------+------+-----------+----------------------------+------------+---------+
   | 76766 | BIO-101   | 1      | Summer   | 2009 | PHY-101   | Physical Principles        | Physics    |       4 |
   | 76766 | BIO-101   | 1      | Summer   | 2009 | MU-199    | Music Video Production     | Music      |       3 |
   | 76766 | BIO-101   | 1      | Summer   | 2009 | HIS-351   | World History              | History    |       3 |
   | 76766 | BIO-101   | 1      | Summer   | 2009 | FIN-201   | Investment Banking         | Finance    |       3 |
   | 76766 | BIO-101   | 1      | Summer   | 2009 | EE-181    | Intro. to Digital Systems  | Elec. Eng. |       3 |
   | 76766 | BIO-101   | 1      | Summer   | 2009 | CS-347    | Database System Concepts   | Comp. Sci. |       3 |
   ···
   | 22222 | PHY-101   | 1      | Fall     | 2009 | CS-190    | Game Design                | Comp. Sci. |       4 |
   | 22222 | PHY-101   | 1      | Fall     | 2009 | CS-101    | Intro. to Computer Science | Comp. Sci. |       4 |
   | 22222 | PHY-101   | 1      | Fall     | 2009 | BIO-399   | Computational Biology      | Biology    |       3 |
   | 22222 | PHY-101   | 1      | Fall     | 2009 | BIO-301   | Genetics                   | Biology    |       4 |
   | 22222 | PHY-101   | 1      | Fall     | 2009 | BIO-101   | Intro. to Biology          | Biology    |       4 |
   +-------+-----------+--------+----------+------+-----------+----------------------------+------------+---------+
   195 rows in set (0.00 sec)
   ```
   ````
   
   

##### (2))join...using

1. 使用指定属性对关系实例进行连接

2. 使用形式：from A join B using (属性名)

3. 输入：2个关系和使用的属性名

   如果使用的属性名不是都拥有的属性，则出错

4. 输出：对参数中某属性值相同的做元组笛卡尔乘积，相同属性不重复显示
 ```SQL
mysql> select *							//特殊情况
    -> from teaches join course using (ID);
ERROR 1054 (42S22): Unknown column 'ID' in 'from clause'
 ```

##### (3)natural join		

1. **自然连接**：使用所有同名属性对关系进行连接
2. 使用形式：from A natural join B
3. 输入：两个有顺序的关系
4. 输出：对参数中***所有***相同属性值相同元组做笛卡尔乘积，相同属性不重复显示

```SQL
mysql> select *			//自然连接
    -> from teaches natural join course;
+-----------+-------+--------+----------+------+----------------------------+------------+---------+
| course_id | ID    | sec_id | semester | year | title
| dept_name  | credits |
+-----------+-------+--------+----------+------+----------------------------+------------+---------+
| BIO-101   | 76766 | 1      | Summer   | 2009 | Intro. to Biology
| Biology    |       4 |
| BIO-301   | 76766 | 1      | Summer   | 2010 | Genetics
| Biology    |       4 |
| CS-101    | 10101 | 1      | Fall     | 2009 | Intro. to Computer Science | Comp. Sci. |       4 |

mysql> select *			//普通连接
    -> from teaches join course using (course_id);
+-----------+-------+--------+----------+------+----------------------------+------------+---------+
| course_id | ID    | sec_id | semester | year | title
| dept_name  | credits |
+-----------+-------+--------+----------+------+----------------------------+------------+---------+
| BIO-101   | 76766 | 1      | Summer   | 2009 | Intro. to Biology
| Biology    |       4 |
| BIO-301   | 76766 | 1      | Summer   | 2010 | Genetics
```




#### 3.3.3  where子句

1. 对***关系实例***进行筛查

2. 使用形式：where 谓词

3. 输入：谓词

   SQL中的谓词有`>`,`<`,`<=`,`>=`,`=`

   并且支持逻辑连词`and`，`or`，`not`

4. 输出：上面连接产生的新的***关系实例***经谓词作用后的关系实例

 ```sql
   mysql> select *
       -> from teaches,course
       -> where ID=10101;
   +-------+-----------+--------+----------+------+-----------+----------------------------+------------+---------+
   | ID    | course_id | sec_id | semester | year | course_id | title                      | dept_name  | credits |
   +-------+-----------+--------+----------+------+-----------+----------------------------+------------+---------+
   | 10101 | CS-347    | 1      | Fall     | 2009 | BIO-101   | Intro. to Biology          | Biology    |       4 |
   | 10101 | CS-315    | 1      | Spring   | 2010 | BIO-101   | Intro. to Biology          | Biology    |       4 |
   | 10101 | CS-101    | 1      | Fall     | 2009 | BIO-101   | Intro. to Biology          | Biology    |       4 |
 ```

#### 3.5.4  **聚集函数**

作用：对关系实例中的group进行统计操作，产生的效果是将具有多个元组的group聚集成一个元组

输出形式：|group属性|统计结果|

#### 3.3.5  组操作子句

#####  (1)group by关键字

1. 对关系实例进行分组

2. 使用形式：group by 属性

3. 输入：属性

4. 输出：按***聚集函数***进行输出

   **如果没有聚集函数，默认输出每组的第一个元组**


##### (2)having关键字

1. 对分组筛查
2. 使用形式：having 谓词
3. 输入：谓词和聚集函数
4. 输出：显示**具有满足谓词的元组**的*组*


   ```SQL
   mysql> select course_id,count(*) as count
       -> from teaches
       -> group by course_id
       -> having count(*)<2;
   +-----------+-------+
   | course_id | count |
   +-----------+-------+
   | BIO-101   |     1 |
   | BIO-301   |     1 |
   | CS-315    |     1 |
   | CS-347    |     1 |
   | EE-181    |     1 |
   | FIN-201   |     1 |
   | HIS-351   |     1 |
   | MU-199    |     1 |
   | PHY-101   |     1 |
   +-----------+-------+
   9 rows in set (0.00 sec)
   
   mysql> select *
       -> from teaches
       -> group by course_id
       -> having ID<76766;
   +-------+-----------+--------+----------+------+
   | ID    | course_id | sec_id | semester | year |
   +-------+-----------+--------+----------+------+
   | 10101 | CS-101    | 1      | Fall     | 2009 |
   | 10101 | CS-315    | 1      | Spring   | 2010 |
   | 45565 | CS-319    | 1      | Spring   | 2010 |
   
   mysql> select *						//没有聚集函数，默认输出每组第一个
       -> from teaches
       -> group by semester;
   +-------+-----------+--------+----------+------+
   | ID    | course_id | sec_id | semester | year |
   +-------+-----------+--------+----------+------+
   | 76766 | BIO-101   | 1      | Summer   | 2009 |
   | 10101 | CS-101    | 1      | Fall     | 2009 |
   | 45565 | CS-101    | 1      | Spring   | 2010 |
   +-------+-----------+--------+----------+------+
   3 rows in set (0.00 sec)
   ```

#### 3.3.6 select关键字

1. 打印处理好的关系实例的一些属性

2. 使用形式：select <属性名1,属性名2...属性名n>,<聚集函数1,聚集函数2...聚集函数n>

3. 输入：属性名和聚集函数

   ​	Ps.如果有**聚集函数**，**属性名必须是group by中的属性**

   ​		 因为聚集函数是对group进行统计操作，最终结果是|group属性|统计结果|，无法显示非组属性之外的属性名

4. 输出：显示**具有满足谓词的元组**的*组*

关键字：

- avg()
- min()
- max()
- sum()
- count()

如果没有group by对关系实例进行分组，则整个关系视为一组



